Design Points [m],Optimal Chord [m],Optimal Twist Angle [deg],Optimal Angle of Attack [deg],Total Losses [-],Blade Solidity [-],Disk Velocities [m/s],Tangential Velocities [m/s],Axial Force Coefficient [-],Tangential Force Coefficient [-]
0.15,0.07496000000000366,[17.54839676],4.727272727272727,[0.82762507],0.23857325969476278,[1.00054919],[2.4425449],[0.99559998],[0.38372982]
0.19999999999999998,0.07257000000000459,[13.15376022],4.484848484848484,[0.94600569],0.17322424006122986,[1.00053722],[3.14673432],[1.00159013],[0.29417614]
0.25,0.06439000000000776,[10.02217135],4.484848484848484,[0.98090887],0.12295674283508949,[1.00054003],[3.86684673],[0.99999693],[0.23387396]
0.3,0.05607000000000653,[7.79677057],4.484848484848484,[0.98846537],0.08922226109732692,[1.00061658],[4.59632588],[1.00123412],[0.19305848]
0.35,0.05021000000000474,[6.38893347],4.242424242424242,[0.97859726],0.06848209837040485,[1.00066245],[5.33085506],[0.97134296],[0.15722227]
0.39999999999999997,0.044000000000002835,[5.36236171],4.0,[0.93580506],0.05250919459959695,[1.00061744],[6.06897954],[0.94207237],[0.13007272]
0.44999999999999996,0.03493000000000006,[4.60215226],3.757575757575758,[0.79395227],0.0370512707517933,[1.00060656],[6.80920871],[0.90483312],[0.10722598]
0.4875,0.020659999999999363,[4.46452633],3.2727272727272734,[0.45861838],0.020224920460600232,[1.00051865],[7.36393206],[0.82155621],[0.08453148]
