Design Points [m],Optimal Chord [m],Optimal Twist Angle [deg],Optimal Angle of Attack [deg],Total Losses [-],Blade Solidity [-],Disk Velocities [m/s],Tangential Velocities [m/s],Axial Force Coefficient [-],Tangential Force Coefficient [-]
0.15,0.07520000000000113,17.554714806899838,4.727272727272727,0.8275622244202678,0.2390507245240304,1.0009815417266812,2.442832378978839,0.9955576575505893,0.38383960367366166
0.19999999999999998,0.07280000000000106,13.16808191283107,4.484848484848484,0.9458990010945997,0.1735584654417144,1.0014657654645558,3.146930385278819,1.0015165702240214,0.29442649330687354
0.25,0.06470000000000083,10.02422896505585,4.484848484848484,0.9808988378026093,0.12337691188483885,1.0007615988847478,3.8671303893928517,0.9999885341063011,0.2339098743075726
0.3,0.056300000000000586,7.802796178460381,4.484848484848484,0.988439230548136,0.0894450780176461,1.001148210096659,4.596442164053219,1.0012138145846592,0.1931637774972545
0.35,0.05050000000000042,6.387300651944404,4.242424242424242,0.9786092299917583,0.06875493541569935,1.0005429479761307,5.331056292725236,0.971347436542592,0.1571945916953902
0.39999999999999997,0.04420000000000024,5.3598449004022495,4.0,0.9358453177381152,0.052640497427644664,1.0003797612982925,6.069198876888993,0.9420780820492995,0.13003133279327916
0.44999999999999996,0.03509999999999998,4.59919325115224,3.757575757575758,0.7940386915485113,0.03713615338810889,1.0002745758843266,6.8093943274759114,0.9048386605029967,0.10717925275232615
0.4875,0.02079999999999993,4.463815426281284,3.2727272727272734,0.4586373359768232,0.02027389121232137,1.000455758558893,7.364154103653891,0.8215572627937135,0.08452128308633908
