Design Points [m],Optimal Chord [m],Optimal Twist Angle [deg],Optimal Angle of Attack [deg],Total Losses [-],Blade Solidity [-],Disk Velocities [m/s],Tangential Velocities [m/s],Axial Force Coefficient [-],Tangential Force Coefficient [-]
0.15,0.07496000000000366,17.548396762286934,4.727272727272727,0.8276250699617019,0.23857325969476278,1.0005491933232027,2.4425449011432727,0.9955999777521093,0.38372982051955484
0.19999999999999998,0.07257000000000459,13.153760223136697,4.484848484848484,0.9460056888969949,0.17322424006122986,1.0005372229465017,3.1467343242522126,1.0015901339703033,0.2941761443890705
0.25,0.06439000000000776,10.022171352919933,4.484848484848484,0.9809088688140082,0.12295674283508949,1.0005400272171319,3.8668467330557634,0.9999969336577846,0.23387396246200956
0.3,0.05607000000000653,7.796770567670956,4.484848484848484,0.9884653671552055,0.08922226109732692,1.0006165808749181,4.596325878205112,1.0012341234541433,0.19305848202859716
0.35,0.05021000000000474,6.388933473660424,4.242424242424242,0.9785972642455882,0.06848209837040485,1.0006624511072681,5.330855056977359,0.9713429563985981,0.1572222732025472
0.39999999999999997,0.044000000000002835,5.362361711938151,4.0,0.9358050619737789,0.05250919459959695,1.000617443051072,6.06897954025861,0.9420723692998293,0.1300727150000699
0.44999999999999996,0.03493000000000006,4.60215225861457,3.757575757575758,0.7939522676446185,0.0370512707517933,1.000606558234952,6.809208711605192,0.9048331240856851,0.10722598247973072
0.4875,0.020659999999999363,4.464526326211005,3.2727272727272734,0.45861838395443877,0.020224920460600232,1.0005186483071766,7.363932064664309,0.8215562140289006,0.08453147658806939
