Design Points [m],Optimal Chord [m],Optimal Twist Angle [deg],Optimal Angle of Attack [deg],Total Losses [-],Blade Solidity [-],Disk Velocities [m/s],Tangential Velocities [m/s],Axial Force Coefficient [-],Tangential Force Coefficient [-]
0.15,0.0967999999999952,19.053012974987404,3.2727272727272734,0.8271273565727243,0.3080921388372757,1.000524439658736,2.4364123503831387,0.7737777231705737,0.2887355510993116
0.19999999999999998,0.0831300000000005,13.897864585762907,3.757575757575758,0.9458802993801447,0.1984343830469763,1.000602514559274,3.143741185206965,0.8756304711992486,0.2519755378380725
0.25,0.06953000000000577,10.512696460184399,4.0,0.9808811887040623,0.1327734197249938,1.0005840574997464,3.865437674470823,0.9265922983928034,0.21411672691507605
0.3,0.058110000000007156,8.039551699629023,4.242424242424242,0.988463820039408,0.09246902193640258,1.0005146788911903,4.595720065406353,0.9664111584891247,0.18513631433042238
0.35,0.0484600000000042,6.1439044487872305,4.484848484848484,0.978616351261888,0.06609477422402568,1.0005280531857994,5.331475797215334,1.0063861066751383,0.16409860372175786
0.39999999999999997,0.04075000000000184,4.874737869246367,4.484848484848484,0.9358494528674748,0.04862979286173082,1.000544368319384,6.070368232391406,1.01694698228189,0.1432121952572837
0.44999999999999996,0.030489999999998962,3.8718765575009346,4.484848484848484,0.7940399758404568,0.032340284436272036,1.0006675728781889,6.812106017406951,1.035924272303424,0.1287761718909616
0.4875,0.015989999999999553,3.0070323265743353,4.727272727272727,0.4586970050496778,0.015651052249897948,1.000921403853618,7.369739299516031,1.0600540095404556,0.12146352420860125
