Design Points [m],Optimal Chord [m],Optimal Twist Angle [deg],Optimal Angle of Attack [deg],Total Losses [-],Blade Solidity [-],Disk Velocities [m/s],Tangential Velocities [m/s],Axial Force Coefficient [-],Tangential Force Coefficient [-]
0.15,0.07496000000000366,17.548396762286913,4.727272727272727,0.8276250699617022,0.23857325969476278,1.0005491933232016,2.4425449011432723,0.9955999777521108,0.38372982051955434
0.19999999999999998,0.07257000000000459,13.153760223136697,4.484848484848484,0.9460056888969949,0.17322424006122986,1.0005372229465017,3.1467343242522126,1.0015901339703033,0.2941761443890707
0.25,0.06439000000000776,10.022171352919932,4.484848484848484,0.9809088688140082,0.12295674283508949,1.0005400272171316,3.8668467330557634,0.9999969336577851,0.23387396246201045
0.3,0.05607000000000653,7.796770567670935,4.484848484848484,0.9884653671552059,0.08922226109732692,1.0006165808749161,4.596325878205112,1.0012341234541453,0.19305848202859727
0.35,0.05021000000000474,6.3889334736604155,4.242424242424242,0.9785972642455882,0.06848209837040485,1.0006624511072673,5.330855056977359,0.9713429563985992,0.1572222732025475
0.39999999999999997,0.044000000000002835,5.362361711938146,4.0,0.9358050619737791,0.05250919459959695,1.0006174430510715,6.06897954025861,0.94207236929983,0.13007271500007003
0.44999999999999996,0.03493000000000006,4.602152258614561,3.757575757575758,0.7939522676446189,0.0370512707517933,1.0006065582349508,6.809208711605192,0.9048331240856863,0.10722598247973082
0.4875,0.020659999999999363,4.464526326211007,3.2727272727272734,0.45861838395443877,0.020224920460600232,1.0005186483071768,7.363932064664309,0.8215562140289003,0.08453147658806939
